,name,city,province
0,Best Western Plus South Coast Inn,Goleta,CA
1,Best Western Carmel's Town House Lodge,Carmel by the Sea,CA
5,21c Museum Hotel Lexington,Lexington,KY
7,Springs Motel LLC,Russell Springs,KY
8,Microtel Inn Suites By Wyndham Lexington,Lexington,KY
9,American Inn,Hopkinsville,KY
10,Hampton Inn Lexington Medical Center,Lexington,KY
11,Motel 6 Santa Barbara - Carpinteria North,Carpinteria,CA
12,Comfort Inn,Redwood City,CA
13,The Whitney Hotel,New Orleans,LA
61,Estes Park Condos,Estes Park,CO
64,Blue Mountain Inn Suites,Rangely,CO
65,Hampton Inn-longmont,Longmont,CO
66,Drury Inn Suites Colorado Springs Near The Air Force Academy,Colorado Springs,CO
85,Saddle Surrey Motel,Estes Park,CO
87,Hampton Inn-macomb,Macomb,IL
89,Pavilion Inn,San Jose,CA
90,Corporate Inn Sunnyvale,Sunnyvale,CA
91,"Marriott Vacation Club Pulse, San Diego",San Diego,CA
105,Four Points by Sheraton San Diego - SeaWorld,San Diego,CA
117,Hampton Inn San Diego/Mission Valley,San Diego,CA
152,Courtyard by Marriott San Diego Old Town,San Diego,CA
163,Omni San Diego Hotel,San Diego,CA
165,Best Western Seven Seas,San Diego,CA
297,Quality Suites San Diego SeaWorld Area,San Diego,CA
351,Drury Inn Suites Terre Haute,Terre Haute,IN
352,Hampton Inn Suites Mishawaka/south Bend At Heritage Square,Granger,IN
355,Shadeland Inn,Indianapolis,IN
358,Economy Inn,Fort Wayne,IN
359,Hotel Abri,San Francisco,CA
459,The St. Regis San Francisco,San Francisco,CA
504,The Herbert Hotel,San Francisco,CA
505,Hotel Vertigo,San Francisco,CA
535,Quality Inn-palm Bay,Palm Bay,FL
536,Hilton Los Angeles/Universal City,Universal City,CA
537,Best Western Plus Edgewater Hotel,Seward,AK
539,West Bank Inn,Augusta,GA
541,Motel 6-opelika,Opelika,AL
542,Bluewater Resort Casino,Parker,AZ
544,Econo Lodge,Jonesboro,AR
546,Red Bud Valley Resort,Eureka Springs,AR
547,Sleep Inn Suites-van Buren,Van Buren,AR
548,City Center Motel,Anchorage,AK
549,The Ocean Lodge,Cannon Beach,OR
568,Buchan's Landing Resort,Englewood,FL
570,Hampton Inn Plant City,Plant City,FL
571,Super 8-Los Angeles Downtown,Los Angeles,CA
572,W Seattle,Seattle,WA
601,Grand Hyatt Seattle,Seattle,WA
736,Comfort Inn & Suites Seattle,Seattle,WA
738,Courtyard Seattle Federal Way,Federal Way,WA
739,Residence Inn Provo,Provo,UT
741,Champions Lodge,Houston,TX
742,Hampton Inn & Suites El Paso-Airport,El Paso,TX
743,Days Inn Nashville North Opryland / Grand Ole Opry Area,Nashville,TN
747,Best Western Twin Islands,Gatlinburg,TN
750,Hampton Inn Suites Greenville Downtown River Place,Greenville,SC
752,Wyndham Philadelphia-Historic District,Philadelphia,PA
755,Best Western Lakewood Inn,Hebron,OH
756,Hampton Inn Suites Fremont,Fremont,OH
760,Hilton Garden Inn Columbus Dublin,Dublin,OH
763,Best Western Clermont,Cincinnati,OH
766,Quality Inn,Carlisle,PA
772,Motel 6 Redmond,Redmond,OR
773,Daisy Motel,Kirby,AR
776,Wyndham Garden Chinatown,New York,NY
777,Route 66 inn,Santa Rosa,NM
778,Red Roof Inn Atlanta Smyrna,Smyrna,GA
780,Hollywood Inn Express South,Los Angeles,CA
781,Drury Inn & Suites New Orleans,New Orleans,LA
913,Hampton Inn Columbia,Columbia,MD
916,Best Western Hospitality Hotel and Suites,Grand Rapids,MI
917,Inn On Ferry Street,Detroit,MI
918,Hampton Inn Baton Rouge/Denham Springs,Denham Springs,LA
919,Comfort Inn Buckhead North,Atlanta,GA
920,Hyatt Place Atlanta Buckhead,Atlanta,GA
921,Hampton Inn Atlanta Buckhead,Atlanta,GA
925,The Westin Atlanta Airport,Atlanta,GA
931,Partridge Inn,Augusta,GA
933,Park Hyatt Beaver Creek Resort and Spa,Avon,CO
935,La Quinta Inn & Suites Westminster Promenade,Broomfield,CO
937,Fairway Motor Inn,Berryville,AR
938,Hampton Inn San Diego Del Mar,San Diego,CA
1038,Hilton San Francisco Financial District,San Francisco,CA
1040,Royal Pacific Motor Inn,San Francisco,CA
1046,Hilton Garden Inn Oxnard/Camarillo,Oxnard,CA
1047,Motel 6 San Jose - Campbell,Campbell,CA
1048,Motel 6 Denver Central - Federal Boulevard,Denver,CO
1049,Hilton Garden Inn San Bernardino,San Bernardino,CA
1051,Best Western Plus Hotel at the Convention Center,Long Beach,CA
1053,Residence Inn by Marriott Memphis Southaven,Southaven,MS
1054,Drury Plaza Hotel St Louis At The Arch,Saint Louis,MO
1068,Mountvernon Motel,Mount Vernon,IA
1069,Mariposa Inn and Suites,Monterey,CA
1073,Hometown Inn Suites,Cedar Rapids,IA
1076,Hampton Inn & Suites Fort Myers Beach/Sanibel Gateway,Fort Myers Beach,FL
1089,Eden Roc Inn & Suites,Anaheim,CA
1115,Geneva Motel,Inglewood,CA
1116,Microtel Inn Suites By Wyndham Culpeper,Culpeper,VA
1117,Budget Host Inn NAU / Downtown Flagstaff,Flagstaff,AZ
1119,Desert Eclipse Resort,Palm Springs,CA
1120,Coconut Palm Inn,Tavernier,FL
1122,Bowen Motel,Moab,UT
1125,Famous Shores Motel,Daytona Beach,FL
1126,Worldmark Deer Harbor,Deer Harbor,WA
1127,Windjammer Condominiums,Ocean Shores,WA
1129,Fairfield Inn Chicago Gurnee,Gurnee,IL
1130,Brookhurst Plaza Inn,Anaheim,CA
1131,Best Western Plus Salinas Valley Inn & Suites,Salinas,CA
1134,Dolphin Cove Motel,Pismo Beach,CA
1136,Dairyland Motel LLC,Mineral Point,WI
1137,Little Bluff Inn,Trempealeau,WI
1139,Onalaska Inn,Onalaska,WI
1140,Riverside Inn Racine,Racine,WI
1142,Royal Inn-hudson,Hudson,WI
1144,The Chalet Motel Of Mequon,Mequon,WI
1145,Park Motel,Marshfield,WI
1146,Coho Motel,Kewaunee,WI
1147,Cool City Motel,Two Rivers,WI
1148,Spur Of The Moment Ranch,Mountain,WI
1149,Half Moon Motel,Culver City,CA
1150,"Winterton Suites, Duchesne",Duchesne,UT
1151,Travelodge By Wyndham Phoenix Downtown,Phoenix,AZ
1154,Aston Waikiki Circle Hotel,Honolulu,HI
1158,Lakewoods Resort,Protem,MO
1159,Big T Motel,Tarkio,MO
1160,Hampton Inn & Suites By Hilton Miami/Brickell-Downtown,Miami,FL
1185,Americas Best Value Inn Suites-lexington Park,Lexington Park,MD
1186,Red Roof Plus+ Baltimore Washington Dc/bw Parkway,Hanover,MD
1187,Sunset Inn,Friendsville,MD
1188,Crystal Beach Hotel,Ocean City,MD
1190,Hilton Concord,Concord,CA
1191,Motel 6 Naperville,Naperville,IL
1192,River Hotel,Chicago,IL
1251,Economy Inn Suites,Harrisburg,IL
1252,Best Western Plus-macomb Inn,Macomb,IL
1253,Best Western Plus Inn at Valley View,Roanoke,VA
1270,Route 66 Motel,Barstow,CA
1272,Oceanfront Inn,Virginia Beach,VA
1273,Desoto Inn & Suites,Missouri Valley,IA
1274,Super 8-dalton,Dalton,GA
1275,Carousel Inn,Trion,GA
1276,Pelican Place,Pompano Beach,FL
1277,Hotel Indigo Atlanta Downtown,Atlanta,GA
1283,Falling Waters River Resort,Kernville,CA
1284,Econo Lodge Lewiston,Lewiston,ID
1285,Fairfield Inn by Marriott Port Huron,Port Huron,MI
1288,Hilton Garden Inn Chesterton,Chesterton,IN
1289,The Modern Hotel and Bar,Boise,ID
1294,Luana Waikiki Hotel & Suites,Honolulu,HI
1426,Red Roof Inn Lafayette,Lafayette,IN
1427,Wedge Mountain Inn,Peshastin,WA
1428,Queen Ann Motel,Oak Harbor,WA
1429,Ocean Park Hotel,Santa Monica,CA
1430,Hotel Rosedale,Bakersfield,CA
1431,Best Western Plus Lacey Inn Suites,Olympia,WA
1438,Manistee Hotel,Manistee,MI
1439,Holiday Inn Express & Suites Chicago South Lansing,Lansing,IL
1441,Oak Tree Inn,Brunswick,MD
1442,Days Inn,Bellevue,WA
1449,Sunshine Motel,Venice,FL
1451,The Winnfield Lodge,Winnfield,LA
1452,Hotel Sorrento,Seattle,WA
1481,Daniel Boone Motor Inn,Pikeville,KY
1483,Aloft Louisville Downtown,Louisville,KY
1486,America's Best Value Inn,Lexington,KY
1490,Hawthorn Suites By Wyndham Louisville/jeffersontown,Louisville,KY
1491,Oak Tree Inn Irvine,Irvine,KY
1492,Flamingo Inn Rosemead,Rosemead,CA
1493,Motel 6 Big Bear,Big Bear Lake,CA
1495,Ocean Beach Hotel,San Diego,CA
1496,Coronado Island Inn,Coronado,CA
1497,Best Western Plus Inn At The Vines,Napa,CA
1506,Civic Center Inn,San Francisco,CA
1517,Reedley Inn,Reedley,CA
1518,Hotel Indigo-los Angeles Downtown,Los Angeles,CA
1519,Hotel Felix,Chicago,IL
1529,Red Rooster Lodge,Coulterville,CA
1530,Sf Plaza Hotel,San Francisco,CA
1537,Mega Inn,North Highlands,CA
1538,Greenwich Inn,San Francisco,CA
1551,Silver Sands Beach Resort,Key Biscayne,FL
1552,Song of the Sea,Sanibel,FL
1553,Silverland Inn & Suites,Virginia City,NV
1556,Best Western Plus Fresno Inn,Fresno,CA
1557,Motel 6 Ridgecrest,Ridgecrest,CA
1559,Motel 6 Santa Maria,Santa Maria,CA
1560,The Monarch Hotel,San Francisco,CA
1579,Chelsea Motor Inn,San Francisco,CA
1581,Rancho Valencia Resort Spa,Rancho Santa Fe,CA
1583,Hyatt Place-Reno/Tahoe Airport,Reno,NV
1586,Shaver Lake Village Hotel,Shaver Lake,CA
1587,Wagon Wheel Motel,Salinas,CA
1588,Best Western Plus Carriage Inn,Van Nuys,CA
1590,Best Western Logan Inn,Chapmanville,WV
1591,City Center Inn & Suites-San Francisco,San Francisco,CA
1599,The Hideout Lodge Guest Ranch,Shell,WY
1604,Sea Captain Resort On the Bay,Clearwater Beach,FL
1606,Duchamp Hotel,Healdsburg,CA
1608,Rode Inn,Springerville,AZ
1609,Super 8 Bakersfield,Bakersfield,CA
1610,Motel 6 Bakersfield Airport,Bakersfield,CA
1613,Best Western Plus Heritage Inn Rancho Cucamonga/Ontario,Rancho Cucamonga,CA
1615,Best Western Arizonian Inn,Holbrook,AZ
1616,Village Inn Motel,Salina,KS
1617,Inn Port D'vino,Dayton,OH
1619,Homewood Suites by Hilton Chicago-Downtown,Chicago,IL
1621,Best Western Orlando Gateway Hotel,Orlando,FL
1637,Hilton Miami Airport Blue Lagoon,Miami,FL
1638,Vali Vu Motel,Ortonville,MN
1639,Comfort Suites Fresno River Park,Fresno,CA
1642,InterContinental San Francisco,San Francisco,CA
1645,Sugar Maple Inn,Higden,AR
1649,Best Western Superstition Springs Inn,Mesa,AZ
1650,Barclay Hotel Atlanta Downtown,Atlanta,GA
1655,Bardstown Parkview Motel,Bardstown,KY
1656,Hampton Inn Suites Las Cruces I-10,Las Cruces,NM
1657,Royal Grove Hotel,Honolulu,HI
1658,Kodiak Island Resort,Larsen Bay,AK
1659,BEST WESTERN PLUS The Inn At King Of Prussia,King of Prussia,PA
1670,Marriott's Imperial Palms Villas,Orlando,FL
1678,Sheraton Suites Key West,Key West,FL
1681,Hampton Inn Orlando-Maingate South,Davenport,FL
1685,Castle Mountain Lodge,Estes Park,CO
1686,Motel 6 Ventura South,Ventura,CA
1687,Quality Inn & Suites Anaheim at the Park,Anaheim,CA
1692,Best Western Plus Pavilions,Anaheim,CA
1716,Wiebe Motel,Hollister,CA
1717,Ramada Limited Bakersfield North,Bakersfield,CA
1718,Beach House Inn,Santa Barbara,CA
1721,Best Western Shadow Inn,Woodland,CA
1726,Mountain View Inn,Cleveland,TN
1727,Margaritaville Island Inn,Pigeon Forge,TN
1728,Hampton Inn Suites Pigeon Forge On The Parkway,Pigeon Forge,TN
1734,Margaritaville Resort Gatlinburg,Gatlinburg,TN
1737,Hampton Inn Gatlinburg Historic Nature Trail,Gatlinburg,TN
1738,Smoky Mountain Motor Lodge,Pigeon Forge,TN
1740,Ramada Plaza By Wyndham Waikiki,Honolulu,HI
1776,Chicago Marriott at Medical District/UIC,Chicago,IL
1801,Lasso Motel,Tulia,TX
1802,Americas Best Value Inn Macon,Macon,GA
1804,Spartan Inn,Panama City,FL
1807,Pelican Post Motel,Bradenton Beach,FL
1809,Daytona Shores Inn & Suites,Daytona Beach,FL
1812,Best Western Plus Cutting Horse Inn Suites,Weatherford,TX
1813,Horton Grand Hotel,San Diego,CA
1817,El Rancho Motel,Coronado,CA
1818,Disneyland Hotel,Anaheim,CA
1821,Lemon Tree Motel,Pomona,CA
1822,Best Western I-5 Inn & Suites,Lodi,CA
1823,The Orchard Garden Hotel,San Francisco,CA
1896,Kensington Park Hotel,San Francisco,CA
1911,Americas Best Value Inn Suites Mont Belvieu Houston,Baytown,TX
1912,Best Western Plus Hotel & Suites Airport South,Atlanta,GA
1915,Fairfield Inn by Marriott Huntsville,Huntsville,AL
1919,Home2 Suites by Hilton Waco,Waco,TX
1921,Best Western Plus University Inn Suites,Wichita Falls,TX
1922,Lakes-N-Trails Motel,Benzonia,MI
1923,Wyndham Garden Midland,Midland,TX
1924,Ocean Park Inn,San Diego,CA
2005,Hampton Inn Suites McAllen,McAllen,TX
2009,Comfort Inn Lacey,Olympia,WA
2011,Ramada,Bettendorf,IA
2012,Travel Inn,Lugoff,SC
2013,Best Western Shenandoah Inn,Newnan,GA
2014,Best Western Orlando East Inn & Suites,Orlando,FL
2082,Sonesta Resort Hilton Head Island,Hilton Head Island,SC
2120,The Willcox,Aiken,SC
2121,Pacific Shores Inn,San Diego,CA
2134,Ramada Limited San Diego/Near SeaWorld,San Diego,CA
2167,Best Western Surf City,Huntington Beach,CA
2168,Beach Retreat & Lodge at Tahoe,South Lake Tahoe,CA
2186,Red Coach Motor Lodge,San Francisco,CA
2190,San Francisco International Hostel,San Francisco,CA
2200,BEST WESTERN PLUS Castlerock Inn & Suites,Bentonville,AR
2202,Gordon Beach Inn,Union Pier,MI
2203,Rodeway Inn,Bellevue,NE
2204,BEST WESTERN PLUS West I-64,New Albany,IN
2205,Extended Stay America - Chicago - Rolling Meadows,Rolling Meadows,IL
2206,Chicago Marriott O'Hare,Chicago,IL
2268,Hampton Inn Savannah-I-95/Richmond Hill,Richmond Hill,GA
2269,Microtel Inn & Suites By Wyndham Augusta/Riverwatch,Augusta,GA
2271,Days Inn By Wyndham Orlando/International Drive,Orlando,FL
2344,WoodSpring Suites Miami Southwest,Miami,FL
2345,Mosley Motel,Saint Petersburg,FL
2350,The Roxbury Motel,Roxbury,NY
2356,Timber Creek Chalets,Estes Park,CO
2359,The Armstrong Hotel,Fort Collins,CO
2362,Edge Hotel,Lyons Falls,NY
2363,Chalet High Resort,Basye,VA
2364,Comfort Inn Suites-lynchburg,Lynchburg,VA
2367,Days Inn-Hampton,Hampton,VA
2368,Microtel Inn Suites By Wyndham Prairie Du Chien,Prairie Du Chien,WI
2371,Serenity Bay Resort,Saint Germain,WI
2372,Diamond Hotel,Wisconsin Dells,WI
2373,Hotel Red,Madison,WI
2381,Ashland Motel,Ashland,WI
2382,Beach Aire Motel,Kenosha,WI
2384,Hotel 414 Anaheim,Anaheim,CA
2386,Sheraton Gateway Los Angeles Hotel,Los Angeles,CA
2387,Best Western Plus Kingston Hotel and Conference Center,Kingston,NY
2388,Mayflower Park Hotel,Seattle,WA
2398,Four Points By Sheraton Downtown Seattle Center,Seattle,WA
2424,The Baroness Hotel,Seattle,WA
2425,Fossil Butte Motel,Kemmerer,WY
2426,Sage Motel,Greybull,WY
2427,Rawhide Motel,Lusk,WY
2428,Four Winds Motel,Douglas,WY
2429,Hampton Inn-rawlins,Rawlins,WY
2430,Ramada Limited Little Rock,Little Rock,AR
2432,Garden Place Suites,Sierra Vista,AZ
2433,Residence Inn by Marriott New York The Bronx at Metro Center Atrium,Bronx,NY
2434,Wingate By Wyndham Atlanta Galleria Center,Atlanta,GA
2513,Highland Inn,Atlanta,GA
2537,Kimpton Hotel Allegro,Chicago,IL
2607,Hyatt Place Chicago Downtown/The Loop,Chicago,IL
2677,Courtyard by Marriott Philadelphia Downtown,Philadelphia,PA
2693,Best Western Plus Concordville Hotel,Glen Mills,PA
2698,Homewood Suites by Hilton Macon-North,Macon,GA
2705,Quality Inn & Suites,Chattanooga,TN
2706,Sky Harbor Bavarian Inn,Chattanooga,TN
2707,Governors Inn,Tallahassee,FL
2712,Best Western Fort Lauderdale Airport/Cruise Port,Fort Lauderdale,FL
2719,Best Western Plus Universal Inn,Orlando,FL
2727,Comfort Inn & Suites,Lakeland,FL
2735,Stone Brook Resort,Estes Park,CO
2740,Ocean Villa Inn,San Diego,CA
2741,Best Western Plus Forest Park Inn,Gilroy,CA
2743,Courtyard By Marriott Gaithersburg Washingtonian Center,Gaithersburg,MD
2745,BEST WESTERN Canoga Park Motor Inn,Winnetka,CA
2749,Best Western Sandman Motel,Sacramento,CA
2751,Hotel Nikko San Francisco,San Francisco,CA
2767,Nob Hill Hotel,San Francisco,CA
2782,Buena Vista Motor Inn,San Francisco,CA
2795,Inn San Francisco,San Francisco,CA
2805,Hampton Inn Suites Chincoteague-waterfront,Chincoteague Island,VA
2828,Lighthouse Inn,Chincoteague Island,VA
2829,Fairfield Inn Suites Frederick,Frederick,MD
2831,Embassy Suites by Hilton Tuscaloosa Alabama Downtown,Tuscaloosa,AL
2832,French Quarter Suites Hotel,New Orleans,LA
2834,Toledo Town Inn,Many,LA
2835,Wyndham Garden Lafayette,Lafayette,LA
2836,Best Western Casino Inn,Vinton,LA
2837,Chateau Orleans,New Orleans,LA
2838,Bienville House,New Orleans,LA
2894,Value Host Motor Inn,Marquette,MI
2895,402 Hotel #Thebigo,Omaha,NE
2896,Best Western Plus Midwest Inn & Suites,Salina,KS
2902,Outrigger Reef Waikiki Beach Resort,Honolulu,HI
2907,Baymont Inn Suites Bowling Green,Bowling Green,KY
2908,Hampton Inn Philadelphia-International Airport,Philadelphia,PA
2952,Dover Garden Suite,Dover,DE
2953,Lollye On The Beach,Panama City,FL
2954,Lido Islander,Sarasota,FL
2956,Best Western Orlando Convention Center Hotel,Orlando,FL
2992,Comfort Inn Yosemite Area,Oakhurst,CA
2998,Best Western Executive Inn,Los Banos,CA
2999,Motel 6 Watsonville - Monterey Area,Watsonville,CA
3000,Audrey's Motel,Mound City,MO
3003,Hampton Inn Springfield-southeast,Springfield,MO
3005,Pantai Inn,La Jolla,CA
3029,Holiday Inn San Diego-Bayside,San Diego,CA
3041,Kimpton Solamar Hotel,San Diego,CA
3081,The Westin San Diego,San Diego,CA
3113,Lake View Resort,Sunrise Beach,MO
3120,Quality Inn Pittsburgh Airport,Oakdale,PA
3122,Knights Inn Enid,Enid,OK
3123,Days Inn-henryetta,Henryetta,OK
3124,Hilton Garden Inn Fayetteville,Fayetteville,AR
3125,Best Western Gardens Hotel at Joshua Tree National Park,Twentynine Palms,CA
3127,Apple Creek Cottages,Prescott,AZ
3129,Best Western Airport Inn,Phoenix,AZ
3130,Hilton Garden Inn Uniontown,Uniontown,PA
3131,National Trail Motel,Markleysburg,PA
3132,Red Roof Inn & Suites Oxford,Oxford,AL
3133,Holiday Inn Express Murrysville-Delmont,Delmont,PA
3134,Marv Herzog Hotel,Frankenmuth,MI
3137,Pelican Shores Inn,Lincoln City,OR
3138,Red Carpet Inn,Chambersburg,PA
3139,Hampton Inn Pittsburgh/West Mifflin,Pittsburgh,PA
3141,My Place Hotel-south Omaha/la Vista Ne,La Vista,NE
3142,Midtown Western Inn,Kearney,NE
3145,Best Western Plus Grand Island Inn Suites,Grand Island,NE
3147,Kimpton Hotel Monaco Philadelphia,Philadelphia,PA
3151,Boulders Inn & Suites,Milford,IA
3152,Microtel Inn Suites By Wyndham Kearney,Kearney,NE
3154,Agate Beach Motel,Newport,OR
3157,Motel 6-york North,York,PA
3158,Radisson Hotel Valley Forge,King Of Prussia,PA
3159,Countryside Cottages,Bartonsville,PA
3160,Gateway Lodge,Cooksburg,PA
3163,Hampton Inn El Reno,El Reno,OK
3164,Freehand Chicago,Chicago,IL
3176,Red Mill Inn,Lewes,DE
3177,Eagle's Nest Resort,Nisswa,MN
3179,America's Best Inn Annandale,Annandale,MN
3181,Ludlow's Island Resort,Cook,MN
3183,Midway Motel,Saint Paul,MN
3184,Microtel Inn Suites By Wyndham Bloomington/minneapolis,Minneapolis,MN
3185,Sleep Inn Suites-marshall,Marshall,MN
3188,Adobe Hacienda Motel,Hollywood,FL
3190,University Inn,Oxford,MS
3191,Midland Railroad Hotel,Wilson,KS
3192,Hotel At Waterwalk,Wichita,KS
3197,Red Coach Inn Suites Hutchinson,Hutchinson,KS
3198,Hilton Garden Inn-olathe,Olathe,KS
3199,Holiday Inn Express Suites Newton,Newton,KS
3200,Hampton Inn Suites Asheville Biltmore Village,Asheville,NC
3202,Rimrock Hotel Inc,Naturita,CO
3204,Motel 6 Tupelo,Tupelo,MS
3205,C H Motel,El Dorado Springs,MO
3206,Cobblestone Inn Suites-eads,Eads,CO
3209,Red Roof Inn Suites Scottsboro,Scottsboro,AL
3213,Golden Plains Motel,Holyoke,CO
3214,Grand Imperial Hotel,Silverton,CO
3216,Ocean Breeze Lodge,Fort Bragg,CA
3217,Wyndham Garden Tallahassee Capitol,Tallahassee,FL
3220,Shalimar Cottages Motel,Sanibel,FL
3221,Austria Haus Hotel,Vail,CO
3222,Buccaneer Beach Motel,Panama City,FL
3223,Castle Inn,Castle Rock,CO
3224,11th Avenue Hotel Hostel,Denver,CO
3225,Worldmark Estes Park,Estes Park,CO
3227,Americas Best Value Inn-phoenix/i-10 West,Phoenix,AZ
3228,Hampton Inn-atlanta/fairburn,Fairburn,GA
3229,Hampton Inn-bainbridge,Bainbridge,GA
3230,Riverbend Motel Cabins,Helen,GA
3243,Best Western Rose City Conference Center Inn,Thomasville,GA
3244,Homewood Suites By Hilton Columbus,Columbus,GA
3245,Extended Stay America - Columbia - Stadium Blvd.,Columbia,MO
3246,Campfire Lodge Resort,West Yellowstone,MT
3247,Ramada Plaza Hawthorne/lax,Hawthorne,CA
3248,Comfort Inn-lone Pine,Lone Pine,CA
3249,Fairfield Inn Great Falls,Great Falls,MT
3252,Groveland Hotel,Groveland,CA
3253,Hacienda Hot Springs Inn,Desert Hot Springs,CA
3254,Waikiki Gateway Hotel,Honolulu,HI
3257,The Surfjack Hotel Swim Club,Honolulu,HI
3258,Courtyard Tuscaloosa,Tuscaloosa,AL
3261,Best Western Plus St Charles Inn,New Orleans,LA
3331,Hilton Garden Inn Williamsburg,Williamsburg,VA
3332,Hampton Inn Suites Jackson,Jackson,TN
3347,Best Western Plus Raton Hotel,Raton,NM
3356,Best Western Lamplighter Inn Suites at SDSU,San Diego,CA
3380,Voyageur Motel,International Falls,MN
3381,Homewood Suites By Hilton Jackson-ridgeland,Ridgeland,MS
3383,Four Points By Sheraton Mall Of America Minneapolis Airport,Minneapolis,MN
3384,Wilderness Lodge,Bigfork,MN
3385,Hampton Inn Suites Knoxville-turkey Creek/farragut,Knoxville,TN
3386,Santas Lodge,Santa Claus,IN
3390,Hampton Inn-orange City,Orange City,IA
3392,Toadlily House,Port Angeles,WA
3394,Holiday Inn Express Suites Lander,Lander,WY
3396,Americas Best Value Inn Green River,Green River,UT
3398,Uncle Gabby's Motel,Clinton,MO
3399,Extended Stay America-salt Lake City-union Park,Midvale,UT
3401,Sailor Jack Oceanfront Motel,Lincoln City,OR
3403,Hampton Inn-warrenton,Warrenton,VA
3404,Econo Lodge-garibaldi,Garibaldi,OR
3405,The Historic Jefferson Hotel,Jefferson,TX
3409,Bumbleberry Inn,Springdale,UT
3411,Comfort Inn-green River,Green River,UT
3412,Kozy Rest Motel,Montello,WI
3413,Iron Ridge Inn Motel,Iron Ridge,WI
3414,Copperleaf Hotel,Appleton,WI
3416,Days Inn Seattle North Of Downtown,Seattle,WA
3418,St George Inn Suites St George,Saint George,UT
3419,Americas Best Value Inn-corpus Christi North/airport,Corpus Christi,TX
3420,The Bunkhouse Lodge,Lincoln,MO
3422,Hotel Emma,San Antonio,TX
3605,Sea Horse Oceanfront Lodging,Lincoln City,OR
3606,Best Western Spooner Riverplace,Spooner,WI
3607,Holiday Inn Express Suites Madison Central,Madison,WI
3610,Capri Motel,Holdenville,OK
3611,Budget Inn,Natural Bridge,VA
3612,Hawthorn Suites By Wyndham Oshkosh,Oshkosh,WI
3613,The Polynesian Resort,Ocean Shores,WA
3615,Hotel Cape Charles,Cape Charles,VA
3619,Virginian Hotel,Medicine Bow,WY
3620,Hotel Flora and Fauna,Wimberley,TX
3621,Klondike Motel,Republic,WA
3622,Dungeness Bay Cottages,Sequim,WA
3623,Bunk House Motel,Chadron,NE
3626,Henry Howard Hotel,New Orleans,LA
3628,Staybridge Suites,Missoula,MT
3634,Knights Inn North Platte,North Platte,NE
3635,Husker Inn,North Platte,NE
3636,Knights Inn Metairie,Metairie,LA
3637,Super 8 Franklin,Franklin,KY
3638,Super 8-lincoln West,Lincoln,NE
3640,Comfort Inn-louisville,Louisville,KY
3641,Mainstay Suites-sidney,Sidney,MT
3646,Miles City Hotel Suites,Miles City,MT
3647,Island Inn,Grand Island,NE
3648,ECO LUX Inn,Norfolk,NE
3649,The Cornstalk Hotel,New Orleans,LA
3650,The Mercantile Hotel,New Orleans,LA
3651,Americas Best Value Inn Louisville,Louisville,KY
3652,Hampton Inn-kearney,Kearney,NE
3654,Red Roof Inn Denver,Denver,PA
3655,Hyatt Place HoustonSugar Land,Sugar Land,TX
3656,Covered Bridge Motel Apartments,Rockville,IN
3657,Motel 6-dubuque,Dubuque,IA
3658,Howard Johnson Inn - Flagstaff,Flagstaff,AZ
3660,Georgia Tech Hotel Conference Center,Atlanta,GA
3679,Motel 6-perry,Perry,GA
3682,Eldorado Suites Hotel,Bisbee,AZ
3688,Western Motel,Sierra Vista,AZ
3689,Baker's Sunset Bay Resort,Wisconsin Dells,WI
3695,Great View Motel,Fort Covington,NY
3696,The Grand Highland Hotel,Prescott,AZ
3707,Found Re Phoenix,Phoenix,AZ
3726,Nine Pines Motel,Pinetop,AZ
3729,Comfort Inn Suites-dover,Dover,DE
3730,Casa LOMA Hotel,San Francisco,CA
3733,Cobblestone Inn Suites-holyoke,Holyoke,CO
3734,Hotel Tropica,San Francisco,CA
3736,Atlantic Inn,Millsboro,DE
3737,Columbus Motor Inn,San Francisco,CA
3773,Best Western-rambler,Walsenburg,CO
3775,Hampton Inn Alice,Alice,TX
3777,Sleep Inn,Miramar Beach,FL
3778,LA Hacienda Motel,Seattle,WA
3781,Red Roof Inn Toledo-holland,Holland,OH
3782,Quality Inn Suites-sequim,Sequim,WA
3787,Saratoga Resort Spa,Saratoga,WY
3788,Sands Resort,Ocean Shores,WA
3789,Quillayute River Resort LLC,Forks,WA
3790,Four Points By Sheraton Oklahoma City Quail Springs,Oklahoma City,OK
3791,Aspen Extended Stay Suites,Kenai,AK
3792,Country Inn Suites By Radisson Phoenix Airport Az,Phoenix,AZ
3796,Regency Inn,Bald Knob,AR
3798,Super 8 By Wyndham Phoenix Metro North,Phoenix,AZ
3804,Americas Best Value Inn Grand Junction,Grand Junction,CO
3807,Staybridge Suites-colorado Springs,Colorado Springs,CO
3811,Motel 6,Flagstaff,AZ
3812,Springhill Suites-fairbanks,Fairbanks,AK
3816,Kiowa Motel,Kiowa,KS
3818,Quality Inn Downtown Historic District,Mobile,AL
3822,Courtyard Chicago Deerfield,Deerfield,IL
3823,Homewood Suites by Hilton RaleighDurham APResearch Triangle,Durham,NC
3831,Quality Inn Suites,Butte,MT
3832,The Harkness Hotel,Mccammon,ID
3833,Minna Hotel,San Francisco,CA
3837,Hillcrest Motel,Moscow,ID
3841,Ocean View Terrace Motel,Hampton Bays,NY
3844,Travelodge,Aberdeen,MD
3846,Courtyard Phoenix North Happy Valley,Phoenix,AZ
3847,Holiday Inn Hotel Suites Denver Airport,Denver,CO
3851,Magnuson Hotel On The Lake,Clarksville,VA
3852,Red Roof Inn Cookeville Tennessee Tech,Cookeville,TN
3853,Wyndham Garden-dallas North,Dallas,TX
3868,The Eastland Hotel,Eastland,TX
3869,Delano Las Vegas,Las Vegas,NV
3889,Wild Goose Lodge,Merrill,OR
3890,Home2 Suites By Hilton St Louis/forest Park,Saint Louis,MO
3891,Dreamers Lodge,John Day,OR
3892,Phoenix Motel Oregon,Phoenix,OR
3893,Courtesy Inn Eugene,Eugene,OR
3894,Quiet Haven Motel,Ronks,PA
3895,Flying Arrow Resort,Joseph,OR
3900,Allstate Inn,Seymour,IN
3903,Americinn Hotel Suites Pella,Pella,IA
3904,Maple Leaf Motel,Shady Cove,OR
3908,Lexington Inn Ardmore,Ardmore,OK
3909,Willow Brook Lodge,Pigeon Forge,TN
3911,Extended Stay America-dallas-market Center,Dallas,TX
3923,Americas Best Value Inn-alva,Alva,OK
3924,Pine Point Lodge,Iron River,WI
3925,Sportsman Lodge,Red Bluff,CA
3926,Hotel Zaza Dallas,Dallas,TX
3954,Knights Inn-mt Gilead,Mount Gilead,OH
3955,Rancher Motel-Cafe,Delta,UT
3956,Hawthorn Suites By Wyndham Dallas Park Central,Dallas,TX
3987,Seneca Motel,Seneca,KS
3988,Hilton Garden Inn-waldorf,Waldorf,MD
3991,Super 8 Richfield Area,Richfield,OH
3993,The Sheeley House Bed Breakfast,High Falls,NY
3998,Motel Mediteran,Escondido,CA
3999,Scottsdale Links Resort,Scottsdale,AZ
4000,Aloft New Orleans Downtown,New Orleans,LA
4019,Lemon Tree Hotel Suites,Anaheim,CA
4024,Oxford Hotel,Bend,OR
4035,Falls Motel,Black River Falls,WI
4036,Flamingo Motel,Garden City,KS
4037,Fairfield Inn Suites Indianapolis Downtown,Indianapolis,IN
4038,Sleep Inn and Suites,Rapid City,SD
4049,Z Bar Motel,Buffalo,WY
4052,Mountain View Motel Campground,Buffalo,WY
4053,Executive Inn,Dallas,TX
4054,La Quinta Inn Suites Canton,Canton,MS
4056,Dock's Motel Cabins,Townsend,TN
4057,Hill Country Equestrian Lodge,Bandera,TX
4061,The Benson Hotel,Portland,OR
4078,Fairfield Inn Tuscaloosa,Tuscaloosa,AL
4081,Microtel Inn Suites By Wyndham Mesquite/dallas At I-30,Mesquite,TX
4082,Microtel Inn Suites By Wyndham Pleasanton,Pleasanton,TX
4083,The Summit Of Gatlinburg,Gatlinburg,TN
4084,Holiday Inn Express Suites Jackson Northeast,Jackson,TN
4086,Fairfield Inn Bozeman,Bozeman,MT
4088,Best Western Inn Suites At Discovery Kingdom,Vallejo,CA
4093,Hilton Garden Inn Clovis,Clovis,CA
4096,Holiday Inn Express Pembroke,Pembroke,NC
4103,Days Inn Newton,Newton,KS
4104,Sonesta Es Suites St Louis,Saint Louis,MO
4105,Skyline Motel,Alexandria,MN
4106,Comfort Suites,Anderson,SC
4109,Oxford Inn Silverdale,Silverdale,WA
4110,Econolodge,Gettysburg,PA
4113,Hotel Beverly Terrace,Beverly Hills,CA
4114,Shoreline Hotel Waikiki,Honolulu,HI
4132,Hotel Occidental,San Diego,CA
4134,Econo Lodge-san Angelo,San Angelo,TX
4136,Hotel Diva,San Francisco,CA
4255,Ojai Rancho Inn,Ojai,CA
4256,Ocotillo Lodge,Palm Springs,CA
4257,Hyatt Centric Waikiki Beach,Honolulu,HI
4281,Hotel Zephyr,San Francisco,CA
4311,Homewood Suites By Hilton San Jose Airport-silicon Valley,San Jose,CA
4312,Hotel Indigo Napa Valley,Napa,CA
4321,Loews Philadelphia Hotel,Philadelphia,PA
4326,Little Paradise Hotel,Palm Springs,CA
4330,Hilton Garden Inn Valley ForgeOaks,Phoenixville,PA
4335,Inn by the Lake,South Lake Tahoe,CA
4351,SpringHill Suites Minneapolis Eden Prairie,Eden Prairie,MN
4356,Hampton Inn-toledo/oregon,Oregon,OH
4358,Holiday Inn Garland,Garland,TX
4363,Travelodge Chambersburg,Chambersburg,PA
4366,SpringHill Suites Indianapolis Downtown,Indianapolis,IN
4368,Barn Motor Inn,Prosser,WA
4373,Best Western Markland Hotel,Monterey Park,CA
4375,Residence Inn Kansas City Olathe,Olathe,KS
4380,Motel 6 Euless DFW West,Euless,TX
4381,Quality Suites,Moab,UT
4385,Thunderbird Motel,Elko,NV
4386,Avalon Hotel and Conference Center,Erie,PA
4387,Cupertino Inn,Cupertino,CA
4390,Capitola Venetian Hotel,Capitola,CA
4393,Neu Lodge Motel,Lakehead,CA
4394,Hyatt Place San Diego/vista-carlsbad,Vista,CA
4399,La Quinta Inn Lufkin,Lufkin,TX
4401,Holiday Inn Laguna Beach,Laguna Beach,CA
4402,Best Western Suites Near Opryland,Nashville,TN
4403,Hyatt House CharlotteCenter City,Charlotte,NC
4422,Innkeeper Roxboro,Roxboro,NC
4424,Hilton Garden Inn,Bartlesville,OK
4426,Best Western Plus Franklin Square Inn TroyAlbany,Troy,NY
4428,Best Western Plus Eau Claire Conference Center,Eau Claire,WI
4432,Hampton Inn Suites DetroitCanton,Canton,MI
4440,Best Western Mt Pleasant Inn,Mount Pleasant,IA
4444,Days Inn College Park Airport Best Road,Atlanta,GA
4450,Holiday Inn Express,Milwaukee,WI
4451,The Parisian Courtyard Inn,New Orleans,LA
4452,Ace Hotel-new Orleans,New Orleans,LA
4453,Plantation suites,Port Aransas,TX
4456,Orlando Continental Plaza Hotel,Orlando,FL
4495,Best Florida Resort,Fort Lauderdale,FL
4497,McMenamins Hotel Oregon,McMinnville,OR
4509,Holiday Inn Express & Suites Raton,Raton,NM
4510,Courtyard Macon,Macon,GA
4513,Econo Lodge Inn Suites Near Legoland,Carlsbad,CA
4514,Days Inn Orange ParkJacksonville,Orange Park,FL
4523,Hampton Inn Suites Yonkers,Yonkers,NY
4524,The San Remo Hotel,San Francisco,CA
4539,Hyatt Place DallasLas Colinas,Irving,TX
4542,Hyatt Place AtlantaDowntown,Atlanta,GA
4570,Quality Inn-rexburg,Rexburg,ID
4572,Hilton Garden Inn Harrisburg East,Harrisburg,PA
4574,NYLO Plano at Legacy,Plano,TX
4583,Best Western Plus Inntowner Madison,Madison,WI
4585,Residence Inn Dallas Richardson,Richardson,TX
4587,Travelodge Los Banos,Los Banos,CA
4588,Best Western Plus ArlingtonMarysville,Arlington,WA
4599,Fairfield Inn Suites Naples,Naples,FL
4602,Red Carpet Inn Unadilla,Unadilla,GA
4604,Grand Union Motel,Saratoga Springs,NY
4605,Best Western Webster Hotel Nasa,Webster,TX
4610,Rodeway Inn Suites,Riverton,WY
4612,Courtyard Monroe Airport,Monroe,LA
4615,Horizon Inn Motel,Lincoln,NE
4625,Best Western Country Suites,Indianapolis,IN
4628,Best Western Of Whitmore Lake,Whitmore Lake,MI
4630,Comfort Inn Suites San Francisco Airport North,South San Francisco,CA
4637,Best Western Granbury Inn Suites,Granbury,TX
4638,Studio 6-vernal,Vernal,UT
4639,Alamar Resort Inn,Virginia Beach,VA
4640,Dayton Motel,Dayton,WA
4641,The Inn At Virginia Mason,Seattle,WA
4661,Ballard Inn,Seattle,WA
4665,Ponderosa Motel,Goldendale,WA
4667,The Historic Elk Mountain Hotel,Elk Mountain,WY
4670,"My Place Hotel-rock Springs, Wy",Rock Springs,WY
4674,Drury Plaza Hotel Cleveland Downtown,Cleveland,OH
4675,Home2 Suites by Hilton AlbuquerqueDowntownUniversity,Albuquerque,NM
4676,SpringHill Suites Coeur dAlene,Coeur d'Alene,ID
4680,Aloft Dallas Downtown,Dallas,TX
4681,Mountainside Inn,Telluride,CO
4687,Fairfield Inn Suites Buffalo Airport,Buffalo,NY
4692,Ramada Naples,Naples,FL
4695,The Roosevelt Hotel,Seattle,WA
4698,The Bellevue Hotel,Philadelphia,PA
4710,Motel West Bend,Bend,OR
4711,Red Lion Inn Suites,Ontario,OR
4712,Knights Inn Pendleton,Pendleton,OR
4713,Element Las Vegas Summerlin,Las Vegas,NV
4715,Best Western Brentwood,Brentwood,TN
4716,Royal Pines Inn,Carlton,MN
4718,Waterfront Place Hotel,Morgantown,WV
4727,Comfort Inn Suites,Elk City,OK
4729,Seattle Pacific Hotel,Seattle,WA
4742,Best Western Capital Beltway,Lanham,MD
4744,Courtyard Lexington North,Lexington,KY
4750,Courtyard by Marriott Mechanicsburg Gym,Mechanicsburg,PA
4752,Wyndham Garden Baronne Plaza New Orleans,New Orleans,LA
4754,Hampton Inn Suites Dodge City,Dodge City,KS
4758,Aloft Atlanta Downtown,Atlanta,GA
4774,Hampton Inn Suites by Hilton Owensboro Downtown Waterfront,Owensboro,KY
4779,Fairview Inn Suites,Jonesboro,AR
4782,River Rock Hotel,Mountain Home,AR
4783,Holiday Inn Express Suites Arkadelphia - Caddo Valley,Arkadelphia,AR
4784,GrandStay Residential Suites Hotel Sheboygan,Sheboygan,WI
4796,Courtyard by Marriott Greenbelt,Greenbelt,MD
4797,Rittenhouse Motor Lodge,Cape Charles,VA
4799,La Quinta Inn Suites Weatherford,Weatherford,TX
4801,Hampton Inn Phoenix Anthem,Phoenix,AZ
4804,Chart House Suites On Clearwater Bay,Clearwater Beach,FL
4808,Fairfield Inn Suites Austin NorthwestResearch Blvd,Austin,TX
4809,Hard Rock Hotel Palm Springs,Palm Springs,CA
4811,Everett Street Guest House,Portland,OR
4816,Sunbeam Motel,San Luis Obispo,CA
4817,Sequoia Inn,Redwood City,CA
4824,Hampton Inn Suites Bend,Bend,OR
4825,John Day Motel,John Day,OR
4826,Hampton Inn-medford,Medford,OR
4827,Smith's Hotel,Columbia,PA
4828,Inn At Philipsburg,Philipsburg,MT
4831,Broadway Hotel,Philipsburg,MT
4835,Kalispell Grand Hotel,Kalispell,MT
4840,Kimberling Oaks Resort,Kimberling City,MO
4841,Marco Polo's @ The Viana Hotel & Spa,Westbury,NY
4842,Best Western Plus North Odessa Inn Suites,Odessa,TX
4843,Americas Best Value Inn Batesville,Batesville,MS
4846,Hampton Inn & Suites Grenada,Grenada,MS
4847,Siesta Motel,Havre,MT
4848,Best Western Grandma's Feather Bed,Juneau,AK
4849,Hilton Garden Inn Orlando Airport,Orlando,FL
4954,Fairfield Inn Scranton,Scranton,PA
4958,Ramada Frisco,Frisco,CO
4959,Residence Inn Mobile,Mobile,AL
4960,Best Western Country Inn,Temecula,CA
4961,Comfort Inn Suites Grinnell,Grinnell,IA
4962,Cliffs At Princeville,Princeville,HI
4963,The Blennerhassett Hotel,Parkersburg,WV
4967,Holiday Inn Ft LauderdaleAirport,Hollywood,FL
4970,Econo Lodge South,Petoskey,MI
4973,Aloft Houston by the Galleria,Houston,TX
4974,Historic Streetcar Inn,New Orleans,LA
4977,Vagabond Inn Sunnyvale,Sunnyvale,CA
4979,Hotel Rex San Francisco,San Francisco,CA
5006,One South Lumina,Wrightsville Beach,NC
5008,Hampton Inn Lancaster,Lancaster,OH
5010,Washington Jefferson Hotel,New York,NY
5011,Hotel Dylan,Woodstock,NY
5013,Loggerhead Inn,Holly Ridge,NC
5014,Oak Island Inn,Oak Island,NC
5017,Renwick Clifton House,Saugerties,NY
5019,Van Landingham Estate,Charlotte,NC
5020,Quincy Inn and Suites,Quincy,WA
5023,Sleep inn,Summerville,SC
5024,Residence Inn Springfield South,Springfield,IL
5028,Milwaukee Airport Inn,Milwaukee,WI
5031,Hampton Inn Easton,Easton,MD
5033,Aqua Waikiki Pearl,Honolulu,HI
5039,Holiday Inn Express Suites RichmondBrandermillHull St,Midlothian,VA
5047,Residence Inn Portland North Vancouver,Vancouver,WA
5050,Best Western Premier The Central Hotel Conference Center,Harrisburg,PA
5055,Courtyard San Antonio SeaWorld®Lackland,San Antonio,TX
5056,Hyundae Resort Spa,Desert Hot Springs,CA
5058,Best Western Plus Mid Nebraska Inn Suites,Kearney,NE
5063,Turner Falls Inn,Davis,OK
5065,Pear Tree Inn St Louis Airport,Saint Ann,MO
5068,Hilton Garden Inn St. Louis/Chesterfield,Chesterfield,MO
5070,Hampton Inn & Suites Pittsburgh/Waterfront-West Homestead,Homestead,PA
5071,Courtyard St. Louis Creve Coeur,Saint Louis,MO
5072,Best Western Garden Inn,Bentleyville,PA
5073,Mt Vernon Motel,Manheim,PA
5074,The Monte Vista Hotel,Black Mountain,NC
5075,Best Western Plus Lockport Hotel,Lockport,NY
5077,"The Lexington Hotel, Autograph Collection",New York,NY
5080,Holiday Inn Express Suites Foley,Foley,AL
5082,Signature Inn Abilene,Abilene,TX
5083,Refuge Inn,Chincoteague Island,VA
5087,Bedtime Inn,Ocean City,MD
5089,Marigot Beach Suites,Ocean City,MD
5091,Best Western Plus-concordville Hotel,Glen Mills,PA
5092,Prince Conti Hotel,New Orleans,LA
5093,Countryside Suites,Lincoln,NE
5094,Seaward Inn,Sneads Ferry,NC
5095,Budgethost Inn,South Sioux City,NE
5096,Budget Inn Motel,Herkimer,NY
5097,Sleepy Valley Inn,Warwick,NY
5099,Sunny Rest Lodge,Palmerton,PA
5102,State Street Mansion Bed and Breakfast,Albany,NY
5103,Bertram Inn & Conference Center,Aurora,OH
5106,Watertown Budget Inn,Watertown,NY
5107,Homewood Suites by Hilton Saratoga Springs,Saratoga Springs,NY
5109,Scottish Inns,Mocksville,NC
5110,Inn At Turning Stone Casino,Verona,NY
5111,Hampton Inn Texarkana Arkansas,Texarkana,AR
5113,Granzellas Inn,Williams,CA
5114,Newark Garden Hotel,Newark,NY
5118,Best Western Plus Lincoln Inn & Suites,Lincoln,NE
5119,Clarion Inn Suites-virginia Beach,Virginia Beach,VA
5124,Cliffside Resort Suites,Wisconsin Dells,WI
5125,Quality Inn Suites Oceanside Near Camp Pendleton,Oceanside,CA
5127,EVEN Hotel Brooklyn,Brooklyn,NY
5128,"The Ritz-Carlton New York, Central Park",New York,NY
5160,East Liverpool Motor Lodge,East Liverpool,OH
5161,Holiday Inn Express Grove City (Outlet Center),Mercer,PA
5162,Best Western Canal Winchester Inn - Columbus South East,Canal Winchester,OH
5164,Hampton Inn & Suites Ashland,Ashland,OH
5166,Best Western Plus Suites-Greenville,Greenville,NC
5168,Hampton Inn Wilkesboro,Wilkesboro,NC
5169,Washington Motel,Washington,NC
5170,Hampton Inn & Suites Holly Springs,Holly Springs,NC
5171,Best Western Plus University Inn,Olean,NY
5172,Americas Best Value Inn,North Platte,NE
5177,Best Western Dunkirk & Fredonia Inn,Dunkirk,NY
5179,The Rose & Thistle Bed & Breakfast,Cooperstown,NY
5181,Home2 Suites by Hilton Rock Hill,Rock Hill,SC
5182,Hampton Inn Portland East,Portland,OR
5186,Hampton Inn & Suites Raleigh/Crabtree Valley,Raleigh,NC
5188,Best Western Plus Downtown Tulsa/Route 66 Hotel,Tulsa,OK
5190,Briar Rose Inn,Vancouver,WA
5193,Homewood Suites by Hilton Concord Charlotte,Concord,NC
5197,Sonestaes Suites Charlotte,Charlotte,NC
5200,High Desert Motel,Joshua Tree,CA
5202,Best Inn Suites,Phoenix,AZ
5203,Hampton Inn Olive Branch,Olive Branch,MS
5206,Best Western Bowery Hanbee Hotel,New York,NY
5208,Bel-Aire Cove Motel,Hampton Bays,NY
5210,BEST WESTERN PLUS Greentree Inn & Suites,Oklahoma City,OK
5212,Best Western Alvin Inn,Alvin,TX
5214,Courtyard Ogden,Ogden,UT
5215,Hampton Inn Las Vegas North Speedway,North Las Vegas,NV
5220,The Westin Houston Memorial City,Houston,TX
5221,Grant Park Hotel,Atlanta,GA
5223,Baton Rouge Marriott,Baton Rouge,LA
5227,Hampton Inn Suites Crawfordsville,Crawfordsville,IN
5228,Hampton Inn GadsdenAttalla,Gadsden,AL
5232,Hyatt House DallasUptown,Dallas,TX
5248,Fairfield Inn,Avon,IN
5249,Sheraton Suites Orlando Airport,Orlando,FL
5298,Holiday Inn Express TulsaWoodland Hills,Tulsa,OK
5300,Best Western Plus Redondo Beach Inn,Redondo Beach,CA
5302,Best Western Corvallis,Corvallis,OR
5303,Comfort Suites University Area,South Bend,IN
5305,Hampton Inn Kalispell,Kalispell,MT
5307,Motel 6 Silver City,Silver City,NM
5308,Quality Inn & Suites Airport,El Paso,TX
5309,Best Western Mission Inn,Las Cruces,NM
5310,Four Points by Sheraton Manhattan SoHo Village,New York,NY
5315,Best Western Plus Rivershore Hotel,Oregon City,OR
5318,Comfort Inn Columbia Gorge Gateway,Troutdale,OR
5319,Best Western Anthony/West El Paso,Anthony,TX
5320,Best Western Plus Cascade Inn & Suites,Troutdale,OR
5329,Dollinger's Motel,Albion,NY
5330,Best Western Plus Woodland Hills Hotel & Suites,Tulsa,OK
5333,Tmi Hospitality,Bismarck,ND
5335,WoodSpring Suites Jackson South,Byram,MS
5336,Hampton Inn & Suites Columbus,Columbus,MS
5337,Simmons Suites,Bentonville,AR
5339,Hilton Garden Inn Oklahoma City Airport,Oklahoma City,OK
5343,Leeper's Motel,Lincoln,MT
5344,Best Western Plus Executive Suites,Albuquerque,NM
5348,Aloft Buffalo Airport,Buffalo,NY
5349,Days Inn MaumeeToledo,Maumee,OH
5350,Residence Inn Lexington South Hamburg Place,Lexington,KY
5352,Bar Noir,Beverly Hills,CA
5353,Best Western Plus River Escape Inn Suites,Dillsboro,NC
5355,Courtyard Orlando Lake Mary North,Lake Mary,FL
5356,Hampton Inn Suites Woodstock Va,Woodstock,VA
5362,Drury Inn Suites Phoenix Happy Valley,Phoenix,AZ
5375,Best Western Cabrillo Garden Inn,San Diego,CA
5398,Hampton Inn Suites Palestine,Palestine,TX
5423,Best Western Route 66 Rail Haven,Springfield,MO
5424,"My Place Hotel-Grand Forks, ND",Grand Forks,ND
5429,Hampton Inn Muskegon,Muskegon,MI
5430,The Nest Palo Alto,Palo Alto,CA
5431,Comfort Suites Bakersfield,Bakersfield,CA
5433,Best Western Plus Independence Inn Suites,Independence,IA
5435,Salt Creek Lodge,Idabel,OK
5436,Hampton Inn Suites Tampa Northwest Oldsmar,Oldsmar,FL
5438,Vagabond Hotel Miami,Miami,FL
5457,Motel Durango,Durango,CO
5461,Holiday Inn Express Suites Manhattan,Manhattan,KS
5463,Hampton Inn Suites Pauls Valley,Pauls Valley,OK
5464,Hilton Garden Inn Colorado Springs Airport,Colorado Springs,CO
5466,Hilton Garden Inn DallasMarket Center,Dallas,TX
5504,Best Western Kennesaw Inn,Kennesaw,GA
5506,Best Western River Terrace,Cheboygan,MI
5509,Courtyard Roseville,Roseville,CA
5511,Drury Inn Suites Birmingham Southeast,Birmingham,AL
5516,Days Inn Hotel Spencer IA,Spencer,IA
5517,Gaia Hotel Spa Redding an Ascend Hotel Collection Member,Anderson,CA
5518,Hyatt Place Indianapolis/keystone,Indianapolis,IN
5519,Cobblestone Hotel Suites-knoxville Ia,Knoxville,IA
5520,Budget Inn The Hiawassee,Hiawassee,GA
5521,Our Place Hotel,Nashville,GA
5523,Comfort Inn Atlanta Downtown South,Atlanta,GA
5529,Lifts West Condominium Hotel,Red River,NM
5530,Marriott's Grand Chateau,Las Vegas,NV
5533,The Lodge At Lolo Hot Springs,Lolo,MT
5534,Chase Suite Hotel Overland Park,Leawood,KS
5535,Northern Rail Traincar Inn,Two Harbors,MN
5537,Red Roof Plus+ Phoenix West,Phoenix,AZ
5538,Days Inn-buckeye,Buckeye,AZ
5539,Ocean Shores Motel,Ocean Shores,WA
5541,The Flagstone Motel,Port Angeles,WA
5542,Walsh Motel,Grayland,WA
5543,Willows Motel,Wilbur,WA
5545,Larkspur Landing Renton,Renton,WA
5547,Westport Inn,Westport,WA
5552,Moonstone Beach Motel,Moclips,WA
5557,Margaritaville Island Hotel,Pigeon Forge,TN
5559,Hilton Garden Inn-pigeon Forge,Pigeon Forge,TN
5564,Knights Inn-murfreesboro,Murfreesboro,TN
5565,Quality Inn-decherd,Decherd,TN
5566,Quality Inn-alcoa,Alcoa,TN
5567,Inn At Nye Beach,Newport,OR
5568,Cattlemen's Inn,Kingfisher,OK
5570,Americas Best Value Inn Texarkana,Texarkana,AR
5571,Hilton Garden Inn Miami Airport West,Miami,FL
5601,Motel 6 Atlanta Northwest - Marietta,Marietta,GA
5606,Boon Hotel & Spa,Guerneville,CA
5607,Fairfield Inn & Suites by Marriott Destin,Destin,FL
5618,Extended Stay America San Diego - Fashion Valley,San Diego,CA
5625,Americas Best Value Inn-La Crosse,La Crosse,WI
5627,Renaissance Atlanta Waverly Hotel & Convention Center,Atlanta,GA
5717,Best Western Eden Prairie Inn,Eden Prairie,MN
5718,Estancia La Jolla Hotel and Spa,La Jolla,CA
5792,All Seasons Resort,Kalkaska,MI
5793,Pacific View Inn,San Diego,CA
5804,BEST WESTERN El Rancho,Morro Bay,CA
5805,Best Western Plus French Quarter Landmark Hotel,New Orleans,LA
5905,Best Western Plus Hacienda Hotel Old Town,San Diego,CA
5969,Motel 6 Atlanta Tucker Northeast,Tucker,GA
5970,JW Marriott Atlanta Buckhead,Atlanta,GA
6081,Hilton Garden Inn Chicago/Oakbrook Terrace,Villa Park,IL
6082,High Country Lodge,South Lake Tahoe,CA
6083,Motel 6 Globe,Globe,AZ
6086,Best Western Mission Bay,San Diego,CA
6155,"The Ritz-Carlton, Atlanta",Atlanta,GA
6240,Fairfield Inn & Suites by Marriott Atlanta Buckhead,Atlanta,GA
6257,Vagabond Inn Fresno,Fresno,CA
6258,The Pearl Hotel,San Diego,CA
6329,Waikiki Resort Hotel,Honolulu,HI
6403,Four Points by Sheraton French Quarter,New Orleans,LA
6463,Fairfield Inn by Marriott Owensboro,Owensboro,KY
6469,M-Star Augusta,Augusta,GA
6470,Wattstull Inn,Buchanan,VA
6471,Appomattox Inn Suites,Appomattox,VA
6472,Chablis Inn,Napa,CA
6500,The Francisco Bay Inn,San Francisco,CA
6529,Worldmark New Braunfels,New Braunfels,TX
6530,Hotel Settles,Big Spring,TX
6532,Kai Aloha Apartment Hotel,Honolulu,HI
6533,Residence Inn By Marriott Denver Cherry Creek,Denver,CO
6534,Element Denver Park Meadows,Lone Tree,CO
6538,Mt Washington Conference Center,Baltimore,MD
6541,Hampton Inn Suites Indianapolis/brownsburg,Brownsburg,IN
6543,Comfort Suites-lombard,Lombard,IL
6544,Inn At Lincoln Park,Chicago,IL
6549,Quality Inn Midway Airport,Chicago,IL
6552,Moxy Chicago Downtown,Chicago,IL
6556,Smitty's On Snowbank,Ely,MN
6557,Clear Water Lakeshore Motel,Mackinaw City,MI
6558,Aloft Detroit At The David Whitney,Detroit,MI
6559,Indian Head Motel,Ironwood,MI
6560,Fairfield Inn Suites By Marriott Traverse City,Traverse City,MI
6561,Americas Best Value Inn-knoxville East-strawberry Plains,Knoxville,TN
6562,Ramada-franklin/cool Springs,Franklin,TN
6566,MainStay Suites,Chattanooga,TN
6567,Aloft Philadelphia Airport,Philadelphia,PA
6570,Microtel Inn Suites By Wyndham Caldwell,Caldwell,OH
6574,Hilton Garden Inn-akron,Akron,OH
6577,Comfort Suites-marietta,Marietta,OH
6578,White Sands Beach Resort,Bradenton Beach,FL
6581,Habitat Residence,Miami,FL
6610,Homewood Suites by Hilton Sacramento-Roseville,Roseville,CA
6612,Best Western Rose Garden Inn,Watsonville,CA
6613,Comfort Inn Humboldt Bay,Eureka,CA
6614,Best Western Inn,Rohnert Park,CA
6615,Motel 6 Salinas South - Monterey Area,Salinas,CA
6616,Best Western Yacht Harbor Hotel,San Diego,CA
6682,Pacific Terrace Hotel,San Diego,CA
6683,Best Western Plus Main Street Inn,Brawley,CA
6684,Holiday Inn Express & Suites Anaheim Resort Area,Anaheim,CA
6695,Best Western Orange Plaza,Orange,CA
6696,"Mandarin Oriental, Miami",Miami,FL
6802,Best Western Park Crest Inn,Monterey,CA
6804,Hilton Garden Inn Yuma Pivot Point,Yuma,AZ
6807,Hampton Inn & Suites Yuma,Yuma,AZ
6808,Best Western Plus Arroyo Roble Hotel & Creekside Villas,Sedona,AZ
6816,Ramada Limited San Francisco Airport North,South San Francisco,CA
6818,Courtyard Chapel Hill,Chapel Hill,NC
6823,Fairfield Inn Tulsa Woodland Hills,Tulsa,OK
6828,Four Points by Sheraton Orlando International Drive,Orlando,FL
6831,Holiday Inn Express Lompoc,Lompoc,CA
6832,Best Western Old Colony Inn,Alexandria,VA
6835,Motel 6 Tucson North,Tucson,AZ
6836,Best Western San Diego/Miramar Hotel,San Diego,CA
6901,Homewood Suites By Hilton Phoenix-biltmore,Phoenix,AZ
6903,Hampton Inn Chicago North-loyola Station,Chicago,IL
6904,Fairfield Inn Suites North Platte,North Platte,NE
6911,Best Western Plus Bayside Inn,San Diego,CA
6975,Wingate By Wyndham Round Rock Hotel Conference Center,Round Rock,TX
6978,Holiday On Texoma Motel,Pottsboro,TX
6979,Hampton Inn Roanoke/Hollins - I-81,Roanoke,VA
6980,Days Inn-Reading Wyomissing,Reading,PA
6985,"My Place Hotel-Brookings, SD",Brookings,SD
6986,Residence Inn By Marriott Phoenix Nw/surprise,Surprise,AZ
6988,Holiday Inn Express & Suites Sioux Falls Southwest,Sioux Falls,SD
6991,Days Inn-Altus,Altus,OK
6992,Best Western Plus Columbia River Inn,Cascade Locks,OR
6993,Holiday Inn Express New York City Times Square,New York,NY
7037,Colonial Inn Dyersville,Dyersville,IA
7039,Hilton Garden Inn San Diego Mission Valley/stadium,San Diego,CA
7074,Comfort Suites-old Town,Scottsdale,AZ
7075,Comfort Inn-green Valley,Green Valley,AZ
7076,Pioneer Lodge,Fort Benton,MT
7078,WoodSpring Suites Allentown,Allentown,PA
7081,Ponderosa Gardens Motel,Paradise,CA
7082,Hilton Garden Inn Los Angeles Montebello,Montebello,CA
7083,Juniper Springs Resort,Mammoth Lakes,CA
7084,Motel Etna,Etna,CA
7085,Fern River Resort Motel,Felton,CA
7086,Best Western Springfield,Springfield,VA
7088,Americas Best Value Inn Suites,Pinckneyville,IL
7091,Discovery Inn,Victoria,TX
7094,Deluxe 6 Inn Suites,Olmito,TX
7095,"Canyons Boutique Hotel, a Canyons Collection Property",Kanab,UT
7097,Super 8 Forney,Forney,TX
7098,Best Western Plus Bandana Square,Saint Paul,MN
7105,Super 8 Bloomington/Airport,Minneapolis,MN
7119,Hampton Inn Suites Duluth North/Mall Area,Duluth,MN
7120,Comfort Inn Suites West - Medical Center,Rochester,MN
7121,Larchmont Hotel,New York,NY
7122,Hotel Riverside Studios,New York,NY
7124,Microtel Inn & Suites By Wyndham Baton Rouge,Baton Rouge,LA
7127,Inn At Cannon Beach,Cannon Beach,OR
7128,Hampton Inn Newport NewsYorktown,Newport News,VA
7130,Best Western Palo Duro Canyon Inn Suites,Canyon,TX
7138,Hilton Garden Inn Grand Rapids East,Grand Rapids,MI
7140,Galt House Hotel,Louisville,KY
7153,Hilton Garden Inn San Diego Rancho Bernardo,San Diego,CA
7183,Hampton Inn Suites Little Rock-downtown,Little Rock,AR
7187,Orchid Key Inn,Key West,FL
7259,Sea Oats Motel,Destin,FL
7263,Hollander Hotel,Saint Petersburg,FL
7285,"Hotel Marshfield, BW Premier Collection",Marshfield,WI
7286,Super 8-Colorado City,Colorado City,TX
7287,Best Western Lee's Motor Inn,Chamberlain,SD
7288,Bullock Hotel,Deadwood,SD
7292,Hilton Garden Inn Tampa East/Brandon,Tampa,FL
7300,Best Western Lake Conroe Inn,Montgomery,TX
7302,Naples Courtyard Inn,Naples,FL
7307,Hampton Inn Suites Adairsville-Calhoun Area,Adairsville,GA
7308,Best Western Allatoona Inn Suites,Cartersville,GA
7309,Hampton Inn Cartersville,Cartersville,GA
7312,Ramada Metairie New Orleans Airport,Metairie,LA
7313,Dauphine Orleans Hotel,New Orleans,LA
7314,Hotel Bentley,Alexandria,LA
7318,Galleria Park Hotel,San Francisco,CA
7443,Motel 6 San Bernardino North,San Bernardino,CA
7446,Ka'anapali Beach Club,Lahaina,HI
7448,Welcome Home Inn Bed and Breakfast,Delaware,OH
7450,Riverside Tower Hotel,New York,NY
7452,Econo Lodge-sheboygan,Sheboygan,WI
7453,Residence Inn by Marriott Dallas Market Center,Dallas,TX
7469,Home2 Suites by Hilton Murfreesboro,Murfreesboro,TN
7470,Carolina Lodge,Orangeburg,SC
7471,Headrick's River Breeze Motel,Townsend,TN
7472,Aerostay Hotel,Sioux Falls,SD
7473,Best Western Plus Columbia North East,Columbia,SC
7476,Motel 6 Oakland Airport,Oakland,CA
7477,Best Way Inn,Seneca,SC
7478,Best Western Plus Rama Inn Suites,La Grande,OR
7479,Best Western Plus Gadsden Hotel Suites,Gadsden,AL
7482,Wingate by Wyndham Tuscaloosa,Tuscaloosa,AL
7485,Best Western Plus The Inn Suites at Muskogee,Muskogee,OK
7488,Days Inn-Gillette,Gillette,WY
7490,Charleston Plaza Hotel,Charleston,WV
7492,Econo Lodge Inn & Suites Carrollton Smithfield,Carrollton,VA
7493,Best Western Plus Abbey Inn,Saint George,UT
7545,Silver Baron Lodge,Park City,UT
7548,Comfort Inn Airport,Minneapolis,MN
7549,BEST WESTERN Inn Of Nacogdoches,Nacogdoches,TX
7550,"Home2 Suites by Hilton Salt Lake City / West Valley City, UT",West Valley City,UT
7553,Chalet Inn,Groom,TX
7554,Baymont Inn & Suites Amarillo East,Amarillo,TX
7556,Veranda House,Tullahoma,TN
7558,Ramada Oklahoma City Near Bricktown,Oklahoma City,OK
7561,Best Western Dutch Valley Inn,New Philadelphia,OH
7563,Chocolate Turtle Bed and Breakfast,Corrales,NM
7578,Best Western Mesquite Inn,Mesquite,NV
7582,Lakeview Motel & Cottage,Youngstown,NY
7583,Days Inn-Ku Lawrence,Lawrence,KS
7584,Best Western Intracoastal Inn,Jupiter,FL
7585,BEST WESTERN PLUS Gadsden Hotel & Suites,Gadsden,AL
7586,Sleep Inn & Suites,Evansville,WY
7588,Hampton Inn Potomac Mills/Woodbridge,Woodbridge,VA
7596,Best Western Ambassador Inn & Suites,Wisconsin Dells,WI
7604,Welcome Inn,Ripon,WI
7608,Super 8-Midland,Midland,TX
7609,Best Western Plus Skagit Valley Inn and Convention Center,Mount Vernon,WA
7615,Best Western Plus Southpark Inn & Suites,Tyler,TX
7618,Best Western Santa Fe,Amarillo,TX
7619,Best Western Plus Dallas Hotel & Conference Center,Dallas,TX
7630,Best Western Cityplace Inn,Dallas,TX
7644,Best Western Northwest Inn,Dallas,TX
7653,The Eleven Inn,Balmorhea,TX
7655,Courtyard by Marriott San Antonio Downtown/Market Square,San Antonio,TX
7656,Cub Motel,Cosby,TN
7658,Microtel Inn & Suites By Wyndham Shelbyville,Shelbyville,TN
7659,Key West Inn,Cookeville,TN
7660,Best Western Thunderbird Motel,Cookeville,TN
7664,Best Western Milwaukee West,Milwaukee,WI
7666,Best Western Of Walterboro,Walterboro,SC
7668,Hawthorn Suites By Wyndham Augusta,Augusta,GA
7669,Hampton Inn & Suites Warren,Warren,PA
7678,Best Western Plus Executive Inn,Saint Marys,PA
7679,Hartsville Motel,Hartsville,SC
7680,Super 8-Fernley,Fernley,NV
7682,El Pueblo Lodge,Taos,NM
7684,Budget Inn North Kingstown,North Kingstown,RI
7685,Grand Summit Hotel,Park City,UT
7686,Soho Grand Hotel,New York,NY
7688,Best Western Plus Nashville Airport Hotel,Nashville,TN
7690,The Bryant Park Hotel,New York,NY
7692,Inn at the 5th,Eugene,OR
7693,Hampton Inn Columbus/Taylorsville/Edinburgh,Edinburgh,IN
7695,Best Western Inn & Suites,Elkhart,IN
7697,National 9 Inn,Garden City,KS
7698,Fairfield Inn & Suites by Marriott Key West at The Keys Collection,Key West,FL
7735,Courtyard Seattle Downtown/Lake Union,Seattle,WA
7759,Hyatt House Seattle/Downtown,Seattle,WA
7968,French Market Inn,New Orleans,LA
8112,"The Westin Nanea Ocean Villas, Ka'anapali",Lahaina,HI
8164,Hilton Garden Inn Atlanta Midtown,Atlanta,GA
8192,Comfort Suites Michigan Avenue - Loop,Chicago,IL
8249,Jameson Inn Perry,Perry,GA
8251,La Quinta Inn & Suites Warner Robins - Robins AFB,Warner Robins,GA
8253,Hampton Inn Chicago Downtown/N Loop/Michigan Ave,Chicago,IL
8258,Hampton Inn Atlanta - Cumberland Mall / NW,Atlanta,GA
8282,Hampton Inn & Suites Atlanta - Downtown,Atlanta,GA
8323,DOR Cros Inn,Washington Island,WI
8324,Best Western Premier Miami International Airport Hotel Suites,Miami,FL
8337,Hampton Inn Suites Bremerton,Bremerton,WA
8344,Days Inn-Ames,Ames,IA
8346,Quality Inn at Collins Road,Cedar Rapids,IA
8348,Holiday Inn Express & Suites Des Moines Downtown,Des Moines,IA
8349,Days Inn-Milledgeville,Milledgeville,GA
8351,The London West Hollywood,West Hollywood,CA
8356,Fitzgerald Hotel,San Francisco,CA
8359,Grand Hyatt-Tampa Bay,Tampa,FL
8373,Four Points By Sheraton Jacksonville Baymeadows,Jacksonville,FL
8374,Buena Vista Palace,Orlando,FL
8390,Baymont By Wyndham Florida Mall,Orlando,FL
8407,Intown Suites Richmond South,Chester,VA
8408,Best Western El Grande Inn,Clearlake,CA
8410,Red Roof Inn,Grand Rapids,MI
8412,APPLE Inn,Dallas,TX
8414,Brick Lodge Atlanta/Norcross,Norcross,GA
8416,Kaanapali Alii,Lahaina,HI
8417,Hampton Inn Oxford-West,Oxford,MS
8418,Fairfield Inn Davenport,Davenport,IA
8419,PVC at The Roundhouse Resort,Pinetop,AZ
8420,New Orleans Inn,New Orleans,LA
8421,Git's Big Sky Motel,Columbus,MT
8422,Bunkhouse Motel,Medora,ND
8423,Comfort Suites-lexington,Lexington,SC
8424,Staybridge Suites Indianapolis-carmel,Indianapolis,IN
8428,Holiday Inn Express & Suites Mobile West - I-10,Mobile,AL
8434,Best Nights Inn,Sparta,WI
8435,Red Roof Inn Columbus-ohio State Fairgrounds,Columbus,OH
8436,Austin Motel,Austin,TX
8438,Comfort Suites-redmond Airport,Redmond,OR
8440,Days Inn-Jackson,Jackson,OH
8442,Home2 Suites by Hilton Clarksville/Ft. Campbell,Clarksville,TN
8443,Hampton Inn Owensboro South,Owensboro,KY
8445,Home-Towne Suites Clarksville,Clarksville,TN
8448,Hotel 7 Vienna,Vienna,IL
8449,Sleep Inn Suites,Idaho Falls,ID
8451,Red Roof Inn Suites Danville,Danville,IL
8452,Nauvoo Grand Bed Breakfast,Nauvoo,IL
8453,Hotel Nauvoo,Nauvoo,IL
8457,Wyndham Shearwater,Princeville,HI
8458,River Side Motel & Marina,Manistee,MI
8461,New Victorian Inn Suites Sioux City,Sioux City,IA
8464,Pomaika'i Lucky Farm BB,Captain Cook,HI
8466,Hilton Garden Inn Key West / The Keys Collection,Key West,FL
8468,Hampton Inn Suites Red Bluff,Red Bluff,CA
8469,McCloud Mercantile Hotel,McCloud,CA
8472,Golden Eagle Motel,Dorris,CA
8473,Mendocino Inn Spa,Little River,CA
8474,Ye Olde Danish Inn,Ferndale,CA
8475,Hampton Inn Suites Redding,Redding,CA
8476,Oxford Suites Redding,Redding,CA
8481,The House on Old Mill Road,Creede,CO
8482,Best Western Plus Carousel Inn Suites,Burlington,CO
8488,Savanna Inn & Suites,Savanna,IL
8490,Days Inn-Maui Oceanfront,Kīhei,HI
8491,Motel 6 Willows,Willows,CA
8493,Hilton Garden Inn Jonesboro,Jonesboro,AR
8503,Motel 6 Ellensburg,Ellensburg,WA
8505,Sunshine Inn,Wall,SD
8507,Friendship Inn,Altus,OK
8510,Comfort Inn Evansville-Casper,Evansville,WY
8511,Hyatt Place Atlanta Airport South,Atlanta,GA
8512,Comfort Inn Traverse City,Traverse City,MI
8515,Hilton Garden Inn Athens Downtown,Athens,GA
8522,Best Western Plus San Marcos Inn,Morro Bay,CA
8525,Comfort Suites Downtown,Orlando,FL
8581,TownePlace Suites Anaheim Maingate Near Angel Stadium,Anaheim,CA
8638,Hampton Inn & Suites Dallas/Cockrell Hill I-30,Dallas,TX
8657,Residence Inn Atlanta Midtown/Peachtree at 17th,Atlanta,GA
8677,Hampton Inn Atlanta-Perimeter Center,Atlanta,GA
8718,Intown Suites Piedmont,Atlanta,GA
8720,Extended Stay America - Atlanta - Perimeter - Peachtree Dunwoody,Atlanta,GA
8724,Extended Stay America - Atlanta - Perimeter - Hammond Drive,Atlanta,GA
8737,The Annex at The Chelsea,Atlantic City,NJ
8787,Hotel Floyd,Floyd,VA
8788,Maplelag,Callaway,MN
8790,The College Club of Boston,Boston,MA
8816,"St. James Hotel, an Ascend Hotel Collection Member",New Orleans,LA
8952,Hampton Inn & Suites New Orleans Downtown (French Quarter Area),New Orleans,LA
8969,Days Inn-Boardman,Youngstown,OH
8974,Wyndham Santa Monica At The Pier,Santa Monica,CA
8984,Holiday Inn Express & Suites Hamburg,Hamburg,NY
8987,Days Inn-Easton,Easton,PA
8989,Super 8-Dover,Dover,DE
8991,Crossland Economy Studios-phoenix-west,Phoenix,AZ
8993,Red Roof Inn Richmond South,Richmond,VA
8995,High Point World Resort,Kissimmee,FL
8996,Inn Of The Dove,Harrisburg,PA
9000,Hampton Inn Selma/smithfield I-95,Selma,NC
9003,Maxwell Inn,Estes Park,CO
9008,Wood Spring Suites-orlando East,Orlando,FL
9012,Quality Suites Otay Mesa,San Diego,CA
9016,Rodeway Inn San Diego Near Qualcomm Stadium,San Diego,CA
9045,Bardessono,Yountville,CA
9047,Super 8-Dubois,Dubois,WY
9049,Hyatt Place Fort Worth-Cityview,Fort Worth,TX
9050,Courtyard San Francisco Union Square,San Francisco,CA
9069,Courtyard San Diego Rancho Bernardo,San Diego,CA
9095,SpringHill Suites San Diego Downtown/Bayfront,San Diego,CA
9116,SpringHill Suites Seattle Downtown/South Lake Union,Seattle,WA
9191,Residence Inn Seattle Downtown/Lake Union,Seattle,WA
9241,Fairfield Inn Philadelphia Airport,Philadelphia,PA
9342,Biltmore Hotel,Miami,FL
9349,Holiday Pines Motel,Jay,OK
9350,Quality Suites Buckhead Village,Atlanta,GA
9398,Budget Host Inn Tombstone,Tombstone,AZ
9402,Rodeway Inn Silver Creek Inn,Taylor,AZ
9405,Residence Inn Phoenix North Happy Valley,Phoenix,AZ
9407,Comfort Inn Lucky Lane,Flagstaff,AZ
9409,Hampton Inn Suites Phenix City-Columbus Area,Phenix City,AL
9410,Hotel Finial,Anniston,AL
9413,Beachcomber By The Sea,Panama City Beach,FL
9416,DoubleTree Suites by Hilton Naples,Naples,FL
9427,Hampton Inn Colorado Springs-airport,Colorado Springs,CO
9428,Holiday Inn Express Atlanta-kennesaw,Kennesaw,GA
9429,Can Am Inn,Warroad,MN
9430,Hilton Garden Inn Oakland-San Leandro,San Leandro,CA
9432,Christy's Motel,Old Forge,NY
9434,Hilton Garden Inn Ithaca,Ithaca,NY
9436,PG Waterfront Hotel and Suites,Punta Gorda,FL
9449,Courtyard Fort Worth Fossil Creek,Fort Worth,TX
9450,Days Inn-Columbus Airport,Columbus,OH
9451,Baymont Inn & Suites Tampa Near Busch Gardens / Usf,Tampa,FL
9467,Palace Inn Kemah,Kemah,TX
9470,Knights Inn Market Center,Dallas,TX
9496,Surrey Inn,Caldwell,TX
9497,Holiday Inn Nashville Airport,Nashville,TN
9498,MET Troy,Troy,MI
9499,Hampton Inn St LouisDowntown At the Gateway Arch,Saint Louis,MO
9506,Clarion Inn & Suites,Gatlinburg,TN
9509,Black Bear Cove Resort,Benton,TN
9518,Slide Mountain Motel,Shandaken,NY
9519,Hampton Inn & Suites Pasco/tri-cities,Pasco,WA
9520,WoodSpring Suites Columbus Urbancrest,Grove City,OH
9521,Hampton Inn Elkins,Elkins,WV
9527,Wyndham Ka Eo Kai,Princeville,HI
9528,Harvey's Motel,San Diego,CA
9531,Fairfield Inn Roseville,Roseville,CA
9532,Courtyard by Marriott Orlando Downtown,Orlando,FL
9558,Hampton Inn & Suites Orlando at SeaWorld,Orlando,FL
9647,Motel 6 Atlanta Downtown,Atlanta,GA
9681,Residence Inn by Marriott Dallas Central Expressway,Dallas,TX
9687,Anaheim Del Sol Inn,Anaheim,CA
9783,Conrad Chicago,Chicago,IL
9857,Homewood Suites by Hilton Lake Buena Vista-Orlando,Orlando,FL
9979,Americas Best Value Astoria Inn and Suites,Anaheim,CA
9981,Pacific Inn,Anaheim,CA
9985,FishUn Time Resort,Oakland,AR
9989,Courtyard Birmingham Downtown at UAB,Birmingham,AL
9992,Hilton Garden Inn Auburn/Opelika,Auburn,AL
9993,Hampton Inn Hampton-newport News,Hampton,VA
9998,Roseberry's Inn,Hunter,NY
9999,Hampton Inn-lindale/tyler,Lindale,TX
